<?xml version="1.0" encoding="UTF-8"?>
<project-private xmlns="http://www.netbeans.org/ns/project-private/1">
    <editor-bookmarks xmlns="http://www.netbeans.org/ns/editor-bookmarks/1"/>
    <open-files xmlns="http://www.netbeans.org/ns/projectui-open-files/1">
        <file>file:/var/www/StudentInfoTracker/style/style.css</file>
        <file>file:/var/www/StudentInfoTracker/login-advanced.php</file>
        <file>file:/var/www/StudentInfoTracker/index.php</file>
        <file>file:/var/www/StudentInfoTracker/login.php</file>
        <file>file:/var/www/StudentInfoTracker/register.php</file>
    </open-files>
</project-private>
